Country,Health Care,Income,Inflation,Life Expectancy
Angola,2.85,5900.0,22.4,60.1
Armenia,4.4,6700.0,7.77,73.3
Belize,5.2,7880.0,1.14,71.4
Bhutan,5.2,6420.0,5.99,72.1
Bolivia,4.84,5410.0,8.78,71.6
Cape Verde,4.09,5830.0,0.505,72.5
"Congo, Rep.",2.46,5190.0,20.7,60.4
El Salvador,6.91,7300.0,2.65,74.1
Fiji,4.86,7350.0,4.23,65.3
Georgia,10.1,6730.0,8.55,72.8
Guatemala,6.85,6710.0,5.14,71.3
Guyana,5.38,5840.0,5.73,65.5
Jamaica,4.81,8000.0,9.81,74.7
Mongolia,5.44,7710.0,39.2,66.2
Morocco,5.2,6440.0,0.976,73.5
Nigeria,5.07,5150.0,104.0,60.5
Paraguay,5.87,7290.0,6.1,74.1
Philippines,3.61,5600.0,4.22,69.0
Samoa,6.47,5400.0,1.72,71.5
Ukraine,7.72,7820.0,13.4,70.4
